lat,lon
30.354028372744057,-97.66684810521662
30.341459457350858,-97.78628848053962
30.27246600231396,-97.59827299309556
30.175444578194696,-97.8242539205372
30.24639764581811,-97.64592321015824
30.409757585973804,-97.75284067191348
30.29889277590125,-97.7459624856304
30.18333051536834,-97.75641333902865
30.200141022250435,-97.69784203410504
30.22887899053754,-97.70122784907765
30.344552049689064,-97.68113801945093
30.15287694836242,-97.7931655738435
30.32419635519701,-97.8187700218117
30.36232630013906,-97.70863947610725
30.365184540445,-97.79903208993862
30.17745989722111,-97.7658685277168
30.296662193985746,-97.70000279840659
30.30739172424188,-97.634888631224
30.137102160656582,-97.77881804483508
30.201184213910242,-97.8392192284289
30.30679604516749,-97.71911849719146
30.26644742841738,-97.80541758146973
30.19491472594384,-97.66679051343695
30.315694514744205,-97.79108336726804
30.31330563383345,-97.67782262849863
30.16999708552973,-97.66754876410776
30.372976279803982,-97.81474068469613
30.193544145900862,-97.6998318635691
30.396165077336356,-97.7665129012844
30.31405144580336,-97.87898069475553
30.20187778450079,-97.62608621324887
30.156599768457692,-97.70314904445374
30.315881121095867,-97.63171501402908
30.374494418111556,-97.8091871509669
30.368770453466272,-97.75975984710641
30.144207555072217,-97.80346599546688
30.339415956641396,-97.83677644533769
30.269424195896466,-97.6474192740503
30.220302734514643,-97.68919677847218
30.37625041504557,-97.82722673319292
30.320556528910483,-97.71554355603557
30.204091935351677,-97.72647219365273
30.158527123631718,-97.65953906274038
30.257188007558394,-97.783838216941
30.318877876439586,-97.7239921578923
30.303065824373636,-97.82013622092055
30.267480987221077,-97.73813828257434
30.252239823337522,-97.630115439634
30.20046328497324,-97.81855485526333
30.319601737759914,-97.83889944675123
30.187717803564357,-97.70238055157299
30.210745829899444,-97.74427393047714
30.16284235363239,-97.71713445804923
30.220229839233603,-97.74152146365911
30.341046342074637,-97.77962897805689
30.372712370070552,-97.69831265608916
30.31811744951044,-97.70246638357106
30.243766391233986,-97.71581741073358
30.200701676329576,-97.82660360589081
30.200739538319908,-97.6465610632871
30.220156041243087,-97.8069923814586
30.20763654894114,-97.70289249236517
30.228124980401628,-97.65020255603716
30.254095222421082,-97.82243601116272
30.23103998070085,-97.81131429287794
30.18379094522605,-97.7292872926063
30.196304028702926,-97.85199377034213
30.20412063871785,-97.6966453267367
30.37600844380724,-97.7072785965371
30.384208963997388,-97.7769536021129
30.269983035257177,-97.7043686418519
30.263563433937613,-97.77292529694131
30.36019139830487,-97.635063755723
30.23473362501221,-97.8133880476022
30.290036606163184,-97.63183249108918
30.325247513941704,-97.62292187866329
30.20210374812787,-97.63729859051269
30.2258319957904,-97.76880209327415
30.25381750375419,-97.79473983409608
30.18216241186933,-97.6659630459479
30.298197650947547,-97.75237092427597
30.204523173147262,-97.62643136436029
30.23811011937684,-97.69628034222566
30.21623167665803,-97.67731457354395
30.243872813364696,-97.71349917384025
30.302108794606063,-97.82737818598073
30.215397883007682,-97.76604558125182
30.245379073022363,-97.69889780788365
30.22479558738532,-97.67162502434651
30.23063204133021,-97.64108224120675
30.291644970164718,-97.87487493498476
30.181336624092676,-97.70412184446134
30.294353717548976,-97.86563327671263
30.39969064303844,-97.75378953469118
30.36646482936499,-97.69699499926372
30.156290438777575,-97.76756765859264
30.20618737480412,-97.81712163989542
30.31492502410419,-97.60895273300878
30.340503580538368,-97.77135402808455
30.151003068691086,-97.68209227163806
30.14547415485129,-97.76781852174678
30.328282131910274,-97.71094374269141
30.255151991300746,-97.8528507127459
30.30436128753275,-97.72947097826965
30.14820650939232,-97.70097159076194
30.39519530151471,-97.76068114037047
30.285104409661344,-97.73543864699658
30.200369040145855,-97.78076720505723
30.29775840410178,-97.86055343506787
30.263715297617566,-97.85413924742258
30.299699662301606,-97.70415730518917
30.36567776053381,-97.65112142475513
30.330436075972578,-97.64896931695351
30.358598352676506,-97.79568558409808
30.29800178679066,-97.61788842763431
30.34523555039492,-97.85144363232297
30.242757985534837,-97.72521807809171
30.31179807422594,-97.64227478251446
30.404206475818242,-97.67740895341306
30.32645854300696,-97.76243997574745
30.201397820379015,-97.69915786283957
30.29550491362223,-97.74556476142065
30.210817187917666,-97.79784764368345
30.40889806003584,-97.75503825586543
30.238237456293156,-97.72067766337597
30.314675004791486,-97.69457083736769
30.37789150469617,-97.64252064440183
30.267970936162214,-97.8385357830986
30.413466406155063,-97.76831099747157
30.252785554972604,-97.6194944114101
30.26631969136365,-97.70217341998408
30.201733824288972,-97.65514706944589
30.25880511205442,-97.67173284387341
30.37408715039092,-97.80229073735632
30.357422507437,-97.72688839940146
30.322131468592016,-97.69896331709982
30.404132032853635,-97.67677019196985
30.253728379475266,-97.61444747363691
30.266055424186625,-97.8457554781188
30.28488171359183,-97.65410042032623
30.3009820926844,-97.85249601672595
30.26297787609473,-97.82244675608459
30.167982421046165,-97.64919113108769
30.376252406911004,-97.68958489538018
30.270248427020075,-97.80976437487513
30.365901161659856,-97.63778902919816
30.336694166556587,-97.66751028130116
30.188701518532813,-97.68508210635163
30.379314216457647,-97.77537939864388
30.222257658888196,-97.84542648901898
30.36490980284783,-97.64702501075233
30.38078819318807,-97.83734655090643
30.212019754690658,-97.72072635158086
30.19687682845071,-97.70320517048897
30.33636048256027,-97.8493032804816
30.23684825906704,-97.6450087454786
30.16598534741869,-97.71512875945297
30.310329394828237,-97.77221991058903
30.33344946577702,-97.63557900214086
30.293392886214075,-97.65967333246527
30.31806207638109,-97.82542020592707
30.256148775613426,-97.83650330343453
30.301355269786562,-97.7582936179476
30.144762308616023,-97.74278235234969
30.267572937417164,-97.7896498861191
30.3988131959278,-97.81264854436044
30.25578901378088,-97.67062503789855
30.193428798456804,-97.68171208703153
30.396384249063853,-97.76031646362156
30.345134511862305,-97.79004901718797
30.31269176939695,-97.69119589165439
30.298797203309505,-97.64545672334901
30.286534307988003,-97.80803140557245
30.3784270832897,-97.78365260835224
30.19415221220442,-97.63006096357458
30.357292323587792,-97.76007987005855
30.16124533099228,-97.69988833222988
30.20997607246634,-97.71466908359868
30.346312052969648,-97.72990754013315
30.36996157321712,-97.73120036894052
30.262052357365924,-97.67710395879831
30.395392219425293,-97.72335307301732
30.140764436677653,-97.6900552339476
30.30015610408406,-97.63133809993819
30.334278526326194,-97.78228658862453
30.293376220515043,-97.62200830032538
30.258403459115385,-97.79976180675158
30.38081733380848,-97.68980097389293
30.32166145835203,-97.77728326591678
30.180282411135213,-97.80010974427614
30.219211440032684,-97.78348859686236
30.30670938798655,-97.64832687733642
30.29555340258821,-97.62835872312755
30.33615884197031,-97.66794150980641
30.21433996970089,-97.8132125341269
30.278398038966134,-97.77091321251194
30.16108426681826,-97.79960041102359
30.201384223130052,-97.73095329866062
30.22891642975271,-97.7112217079838
30.25076959090541,-97.8361575656029
30.17805872220555,-97.81091960089486
30.2452037192437,-97.84434794472872
30.274716217609928,-97.66255648528933
30.289998629273228,-97.70767432594695
30.177868116191743,-97.74314336465524
30.211682266331646,-97.72667074504889
30.34541811744963,-97.81296098726304
30.34489822210759,-97.83783815246791
30.32332949415036,-97.80690864216751
30.22375569427891,-97.66986250245921
30.351192650227556,-97.71437236871598
30.274532724417508,-97.72660702072558
30.383749514585,-97.68633335994399
30.145514185542087,-97.6755973881851
30.328157062499535,-97.73543661708484
30.35784365380601,-97.78814493425664
30.283629726386586,-97.83286304352555
30.27676539809582,-97.6176583282311
30.394893201812195,-97.6945679655554
30.29963458180049,-97.70324029090277
30.33798428960787,-97.77692312047411
30.155330356346884,-97.66799317465126
30.22983284135675,-97.75990130369846
30.228142484824847,-97.61978553802723
30.35201478488245,-97.77428347688752
30.276655826329797,-97.72178177505702
30.294471501474106,-97.67773175125295
30.312425493521104,-97.71997249671325
30.391502805332326,-97.75472007399972
30.185918074010573,-97.78006819071045
30.17753424023925,-97.77401687900422
30.35247512459826,-97.85189420984439
30.19724811533715,-97.75951626469485
30.183563347378872,-97.80119075815618
30.155103239852178,-97.72720377905405
30.16996781858913,-97.65039650143515
30.351746959076674,-97.68152821912983
30.24286483521488,-97.68016594392952
30.18936351302609,-97.73785869944275
30.37665655505111,-97.79713352842792
30.28505845037765,-97.67377088658212
30.373756830345123,-97.76836741138071
30.39227221252135,-97.74779662560366
30.29900783795459,-97.7860726851663
30.224510722616362,-97.72057122284622
30.183994918143,-97.65734565535479
30.355675989572852,-97.75284914264634
30.336998028976716,-97.71665820899781
30.18833604009955,-97.80121656274108
30.2475259988815,-97.81564047570598
30.223604872294274,-97.8106280894429
30.37188419178191,-97.65334845978009
30.198670352586547,-97.67360238840645
30.35027906881567,-97.65201225822439
30.163796123720218,-97.70434078284094
30.350118170240023,-97.68311940818116
30.15207738841147,-97.81465538926714
30.222670723474145,-97.85745657235077
30.3574548263992,-97.79991812750067
30.159510501325528,-97.81109029854977
30.361034793483753,-97.62972932850312
30.299105855852318,-97.73908478462559
30.341620685690035,-97.65642154606864
30.231586836098433,-97.81971764419164
30.267727674348524,-97.62253662229375
30.389121432203964,-97.81405587599787
30.14656689166513,-97.69001767380723
30.34967644824317,-97.68645338184515
30.20585688472484,-97.81783434457759
30.366064027984358,-97.70436163011499
30.18762890141574,-97.71453925792278
30.13908769990458,-97.71440006704765
30.172187324631416,-97.75635067835901
30.349967143406978,-97.75632670956426
30.397907909101896,-97.74140286325672
30.234443510557217,-97.76023073365633
30.369071152812296,-97.65728745007549
30.32967032060282,-97.78835959654329
30.234440634546022,-97.61220657587378
30.367754215898636,-97.77407305155585
30.29234569018289,-97.76167614349323
30.144117995512417,-97.79843457257859
30.184256215825016,-97.632281230141
30.275482742227243,-97.76088664249168
30.399388323565297,-97.72418325436088
30.26291367125941,-97.80851548576905
30.343046775459594,-97.74356330902842
30.180780945779635,-97.82335523619993
30.287729421869482,-97.71636443194542
30.188679587287375,-97.69560835513002
30.349256335467057,-97.65264160884949
30.23380490007309,-97.6397639898489
30.27972669130181,-97.79970899863025
30.387906356908715,-97.76632211020987
30.244501975788662,-97.82526590467377
30.371360004976967,-97.83909822150362
30.221038821703104,-97.68660817555558
30.249535230091706,-97.70717406563402
30.20968122060239,-97.80610050748379
30.388902428787045,-97.78317380946254
30.235424305620526,-97.86755974697355
30.267226828354442,-97.73789651639947
30.398291844190098,-97.78787532774521
30.2485855410001,-97.75022684123823
30.353446582407265,-97.77618078796426
30.256018379037098,-97.74016875909888
30.228285654660528,-97.74196715798722
30.281940778053198,-97.62485569887447
30.333434146770383,-97.65137414156358
30.179098886426495,-97.79825339661198
30.34294164500966,-97.718954236049
30.367694699624792,-97.64875447601577
30.291758664235196,-97.63027241867107
30.172616178233337,-97.81147988644358
30.25867442806015,-97.69878125251923
30.305050854576354,-97.66720244785766
30.26664888873705,-97.72953869334845
30.39738727296551,-97.73530703652885
30.343302617418672,-97.81799342767238
30.294787181978602,-97.82122576167438
30.213403857337575,-97.79703014900048
30.239556830674758,-97.63635140184985
30.33065063401782,-97.71927769300817
30.2934638334566,-97.81155542130378
30.318273849082654,-97.79168451207877
30.319304671704383,-97.6354576329626
30.274024877559498,-97.70531433425866
30.33966028844703,-97.78038293056566
30.274649130304436,-97.72644945102074
30.178733964430535,-97.68781727535162
30.24901013059256,-97.73394123982581
30.36459436988128,-97.69365986654505
30.27569067150123,-97.81424691748073
30.248466571218326,-97.69087454659541
30.27819698891532,-97.84639901886474
30.221322591133642,-97.68370934361805
30.201320715372784,-97.75254935600681
30.311263651534883,-97.85217998679622
30.321860355537666,-97.75941180830901
30.384001647216692,-97.75966756632046
30.352592618198763,-97.85368064510415
30.362221744934136,-97.66337530424963
30.18444603711356,-97.83935570749446
30.320717380258937,-97.82079188591361
30.39703735423635,-97.77677741429646
30.187600491620287,-97.78682813899256
30.31826006191546,-97.72737147165705
30.33301070579651,-97.80308819492508
30.24979771367626,-97.80504491866422
30.276376807900103,-97.64257034613937
30.375965270154737,-97.66972816610063
30.164257457288336,-97.6921831857597
30.170099563323003,-97.72504200103899
30.212603574865366,-97.77088075726802
30.148047607624495,-97.71421288066193
30.21519068080374,-97.69006552196039
30.325402170686395,-97.8205320696193
30.318238451813354,-97.87522622104989
30.255115661111727,-97.72009905991
30.40049290803442,-97.67490197777771
30.18956894898165,-97.80743004653398
30.28473438732797,-97.63278921590637
30.336834411712744,-97.72135641102975
30.296400387077192,-97.83061941204926
30.326977636697897,-97.71388131116001
30.240101844835795,-97.83990299216917
30.1598187342837,-97.6541769969816
30.2956982933252,-97.73599605689209
30.23737499556398,-97.70770663324849
30.29561580239227,-97.79878528414996
30.229801211504444,-97.83998802618208
30.174059792934248,-97.64181105073074
30.203790307963,-97.7416049014176
30.368586649383392,-97.69312967913746
30.24823876677197,-97.81232320168071
30.203056471086423,-97.83854922030673
30.23247422077717,-97.7865578079414
30.148764775228788,-97.76329426949741
30.2541467506774,-97.83534966875084
30.40061835390587,-97.69195904507674
30.192588329530913,-97.83084079725349
30.240647378678265,-97.77738019803131
30.319246004020556,-97.80610518129764
30.20319725471996,-97.75411140437461
30.29652104519709,-97.86755888119146
30.303982992813328,-97.699689780227
30.29213955523754,-97.79277324854093
30.24134873543676,-97.60252129816814
30.292155112440675,-97.61712698835308
30.35158824341098,-97.62986216680383
30.16177492759011,-97.71586530025172
30.192397875540756,-97.69713896031166
30.229388827968293,-97.8260361178282
30.338789471409093,-97.61514073882871
30.362973249209745,-97.69799530194983
30.264407063553318,-97.87042626061158
30.264612097331955,-97.73902442498226
30.207121546000376,-97.64462128323355
30.169650526296795,-97.75191269454339
30.365194400377643,-97.65142780723673
30.362021273986695,-97.67735051636438
30.29749034933395,-97.61429635635497
30.270518635410326,-97.78275761569901
30.31455692374908,-97.698417955824
30.385479258186983,-97.77857017054869
30.37420848057543,-97.69443431475811
30.386357468813273,-97.71811574537571
30.39449986631767,-97.76892850088679
30.308716739111972,-97.87417532358216
30.242938491969085,-97.79157500770673
30.239118841701412,-97.84677976381484
30.334450269022405,-97.82675364788768
30.286542962113547,-97.68089192497762
30.270275202372932,-97.82746202569282
30.27720881101743,-97.8430190173253
30.196705320712976,-97.81217523935905
30.247081844177398,-97.85477487255991
30.160277791572913,-97.80812647152877
30.241052890557274,-97.66305353791215
30.140250861495286,-97.73836106120827
30.34261903169697,-97.63314010496659
30.163602776422294,-97.78640652771139
30.254891069395836,-97.67437740884434
30.288784949108138,-97.68292841563724
30.24623850402452,-97.73117120026464
30.310580607044916,-97.73167077700444
30.358917668736662,-97.62952912558032
30.17786045946325,-97.67380878027016
30.2847370534992,-97.65599072977335
30.36419569901833,-97.67865235677002
30.342446790864056,-97.7935662511192
30.22090021394011,-97.76484226809207
30.281071194802557,-97.62717384146295
30.323701313624017,-97.83576167653825
30.1941618189973,-97.74737678610657
30.249353992415973,-97.68720379009183
30.196019042798376,-97.73151458116781
30.18099292287319,-97.69423264385465
30.378245526173092,-97.67383255938243
30.142263136259725,-97.79803870457434
30.241975249068098,-97.83039883934521
30.37696551524542,-97.6454815176974
30.36717299849926,-97.84928336297159
30.17490151246521,-97.75209570930704
30.22934321186493,-97.76889709286336
30.328481520357705,-97.66414204575496
30.332110652550938,-97.8621050943813
30.288657792927182,-97.77009168023382
30.179016368649304,-97.7144974806698
30.25809333060747,-97.69689923614263
30.319325928948142,-97.77034862238504
30.351635662958817,-97.8395345897517
30.277494411366302,-97.62033513908199
30.274674044191187,-97.73319489571657
30.17853774038931,-97.71908075550085
30.345605878626994,-97.76559668122732
30.38774951882471,-97.66030347968048
30.19795852161688,-97.65015067658899
30.176827718816963,-97.6587460889864
30.29093867298485,-97.86542605193931
30.37160641077722,-97.77660648978919
30.315960152015062,-97.60931012762933
30.260010267820633,-97.69835829721556
30.386192627303164,-97.76018974446204
30.23975434429132,-97.79841104470079
30.168347490587436,-97.80113051004362
30.24735724869008,-97.84214690865382
30.413881799886553,-97.77470811520051
30.32532790534111,-97.69711727742055
30.2112025968292,-97.70442012618506
30.272061831300434,-97.6400508080674
30.153667115466796,-97.80167129168802
30.224296418554733,-97.68363055748995
30.25701756569515,-97.77783808831644
30.199876310806754,-97.80579233795764
30.307046807853485,-97.68293120075796
30.354829671997678,-97.69701566972216
30.340147985476204,-97.82037824324597
30.27305663398681,-97.88052599945377
30.21558967325701,-97.63003240425618
30.33819009829223,-97.63367911182091
30.32791276007687,-97.8357147583206
30.398445940191387,-97.77529433724912
30.343984080114264,-97.65588717103725
30.248631646051354,-97.70133389433681
30.132568617004374,-97.7489923310334
30.35726676084542,-97.73864787039973
30.310608888454617,-97.80999829838377
30.24259690276113,-97.74516924275895
30.37600393831514,-97.77171880525486
30.389451703993682,-97.77552328675173
30.306837132497453,-97.80056405952773
30.156161605249075,-97.81378646078554
30.259827031333856,-97.79210475404405
30.195723240030137,-97.67622049466783
30.38969425932978,-97.78829421784137
30.291307782980375,-97.87314971216873
30.178084261572902,-97.78002078260967
30.25620604523837,-97.66245682910753
30.189330512942984,-97.64590055167562
30.257452186559124,-97.63894491210051
30.1991486431144,-97.63577772646765
30.25163608881806,-97.8262620490121
30.33709665766242,-97.61560883706755
30.25650387039361,-97.68982143185052
30.347367912077715,-97.64296120841502
30.16159434982529,-97.82086502468071
30.175887825918633,-97.81109072810226
30.23870152179542,-97.68865488304563
30.298352030621135,-97.72765256883167
30.19960044919468,-97.76060147981848
30.252116869328926,-97.82200170361372
30.326475165800286,-97.64704522848342
30.31815905687318,-97.67008331633853
30.136088332848583,-97.76893459299522
30.322350457387348,-97.67787745193993
30.211483274870616,-97.77871282301066
30.381534629172773,-97.66289124548184
30.26511887725178,-97.87934805602808
30.38403157799476,-97.75538636342921
30.20654845207223,-97.64745545557398
30.21494508984437,-97.69357002529017
30.16913226741785,-97.79907864310437
30.299788538045195,-97.73543202384558
30.324802467926506,-97.65620179482379
30.404944519639873,-97.71542658782714
30.239063579641336,-97.62007513234582
30.368598449976933,-97.64671305814117
30.222369437988664,-97.64854906283615
30.30072029700809,-97.63162374165263
30.174491810462644,-97.66830182945081
30.15740188770775,-97.76535792882972
30.338404613306263,-97.67308064981
30.34491444284001,-97.80194115965355
30.28804272172264,-97.66663518125829
30.210435014106153,-97.67004240929863
30.384786767005792,-97.80784055554564
30.166022013003527,-97.7613975923626
30.235540595351676,-97.6997274134558
30.361366808385878,-97.82529585013023
30.240370874637435,-97.73643648668866
30.35302832365086,-97.68350483422832
30.282104686272145,-97.6112056539225
30.23110566558036,-97.68253324730091
30.288821405853586,-97.63147927497097
30.31143766070686,-97.62013154368375
30.37942897399923,-97.79916108154009
30.215027794109325,-97.79778633622
30.287517652281544,-97.80921616447331
30.227180235424388,-97.63786862241649
30.19407343884567,-97.72870991137518
30.257698186616096,-97.63077200761052
30.32059628417081,-97.77508012930069
30.148095447668368,-97.70513624737262
30.22984669903796,-97.8726026183944
30.227831603497958,-97.62571989835433
30.29174056163371,-97.60335922379495
30.167568993344954,-97.65312740751814
30.24496314815726,-97.86934205832921
30.37872822548342,-97.75272088658062
30.295168546395832,-97.73882551042841
30.278162246877105,-97.65917925750294
30.174022823831937,-97.80183160781603
30.222284329069883,-97.74429244945996
30.356459105565836,-97.71844438843068
30.208578366880705,-97.70031432152403
30.29337227379011,-97.73243458937392
30.30048242789402,-97.65689456177067
30.3144474689325,-97.76095193922303
30.203003620346717,-97.64016185752287
30.240991425328804,-97.75203497310898
30.225842844790435,-97.67576908594336
30.266950557039422,-97.87799365928394
30.19427285659386,-97.64649080537183
30.322022382352067,-97.66263065724341
30.362780444581897,-97.7251748109432
30.306516003748097,-97.8205783845561
30.325284370796386,-97.76693466152796
30.27235544836241,-97.70961733349023
30.25042974433999,-97.79611430715403
30.258874112944525,-97.70404975187725
30.35994252424955,-97.73983514704464
30.362934174909896,-97.75164075123023
30.1997396892035,-97.61636088359882
30.393939692654264,-97.70778928309633
30.361528208492597,-97.77842765400426
30.289945690092953,-97.6530944004953
30.172857212262375,-97.63783640642505
30.36185798200169,-97.64957302024428
30.367386774466784,-97.82252800640353
30.253765288293213,-97.69666078870284
30.350642512417963,-97.75596007461398
30.243760316140797,-97.61192756992469
30.290898303869046,-97.88273253028937
30.404816020901205,-97.75985986290769
30.328912913533394,-97.68396152519486
30.380212585153952,-97.7361170687475
30.30566901905406,-97.70670079688708
30.398890233606537,-97.73797450792229
30.238510336144092,-97.65930725876363
30.31174646851219,-97.79944361494937
30.28405082544826,-97.78720325372177
30.319141434731737,-97.6623213492522
30.294724139896324,-97.6602771811776
30.306589775245605,-97.81982113919702
30.262992245839012,-97.87446833870634
30.33521226790385,-97.81268933351987
30.316302877113053,-97.7970199354969
30.276958021560695,-97.82396693357133
30.291122137394176,-97.81814943737628
30.35023955170157,-97.76568744654402
30.264824222087345,-97.69062037263855
30.351566319043087,-97.85493542330559
30.179748539856803,-97.70315512293963
30.398366810715583,-97.71143964115345
30.21628378164928,-97.67036292270419
30.249726428708286,-97.59959775418933
30.320457094140753,-97.83995061170818
30.285904728596787,-97.73196984042794
30.19767627851706,-97.72809768295228
30.149282390895387,-97.75597861577477
30.276492949222074,-97.88035252569628
30.38843351216264,-97.74231514156999
30.26426011170437,-97.78131762573342
30.302117850470207,-97.6112489056122
30.282977509217748,-97.61420018245349
30.264302153118372,-97.69012732396739
30.34099558947625,-97.7877218755228
30.388578161770848,-97.76448187503969
30.23215044657331,-97.64897757080135
30.153180775144353,-97.75498810561888
30.26586065471098,-97.72586518459644
30.305501555619838,-97.71960441166317
30.21482684452602,-97.6872828536445
30.283569077046028,-97.7339304728526
30.36694316625732,-97.66787149518134
30.174452549498483,-97.79694093575137
30.235046691708554,-97.6048678322714
30.202631562540006,-97.79535594818871
30.23996685474494,-97.83242421012564
30.238068326019196,-97.71733461325381
30.284165005533396,-97.64397546748556
30.135319116567207,-97.77748057766723
30.332640750761723,-97.6139564452944
30.36072556433682,-97.76088606777647
30.27728872013687,-97.77955198288282
30.247674834315468,-97.80487887514597
30.2150039254313,-97.72196864427485
30.415950838989097,-97.7155335643671
30.194286456091234,-97.8318144562439
30.179515361220925,-97.71400898214063
30.23007849306691,-97.61116987187756
30.369343418447837,-97.75319378766795
30.406313564120712,-97.73701998838587
30.167341502805723,-97.82208498044317
30.261170475191285,-97.65039028081357
30.131035616720364,-97.72425274694227
30.393040645247233,-97.71062877949988
30.31363566203852,-97.73020869598636
30.341623218096274,-97.72484229497269
30.195047417342746,-97.8290823817008
30.381583999066592,-97.7558783902695
30.242789418657132,-97.6195157958363
30.2883941842679,-97.6516999759079
30.221449659184643,-97.67486722112831
30.396656492645455,-97.72547812625996
30.3609909460689,-97.66408301402603
30.15862593566588,-97.78085931850205
30.34448559929517,-97.76525187422375
30.25911602690045,-97.84186466921902
30.275565882019023,-97.78330738735146
30.39294751282506,-97.76856350253985
30.19748768021523,-97.77812209430888
30.27551779027586,-97.70408531817237
30.386075707939153,-97.71243850122544
30.350935202752304,-97.82946316863448
30.154632523509214,-97.7959124976039
30.355378461230593,-97.63422616771058
30.29978838510951,-97.67561271809548
30.27220375437363,-97.66612309221382
30.182526527163308,-97.63604437134407
30.316843966276544,-97.64654167880181
30.193453876208938,-97.79888897477079
30.368796738396288,-97.71402424375573
30.205529077657857,-97.81524935978891
30.21150102037087,-97.65564345716331
30.318002510336267,-97.63510313064306
30.395781019670192,-97.71191526061368
30.216661474292636,-97.85861780681125
30.30950965453959,-97.62566470009897
30.192998241299648,-97.62485659799545
30.17240374785212,-97.66265700610063
30.25590085129292,-97.77359789138173
30.329408681663626,-97.6527937779067
30.31091256018158,-97.70356440351874
30.3092186173738,-97.60649066112711
30.377971445057533,-97.72372845103224
30.284102795776423,-97.59881741455797
30.24483082285235,-97.6331631218563
30.3544135911769,-97.82720922931937
30.355912216905068,-97.8407830298084
30.35669393858749,-97.6408788587276
30.376878537505682,-97.79245223431067
30.207020533881025,-97.64978412069723
30.360836174828307,-97.69765604264848
30.390520103825057,-97.68453210510556
30.202941414081394,-97.83910626223852
30.185514052481025,-97.6859546090607
30.33796602696503,-97.82359008614152
30.259861906735864,-97.81285325829974
30.254911397617537,-97.65622374937719
30.18169266590934,-97.74778167174034
30.22739939013193,-97.85042633125609
30.166924452212186,-97.82908438902864
30.29053593175987,-97.64696157203797
30.269562485936415,-97.65577135654591
30.353841695300627,-97.7319419849677
30.143104119516952,-97.78806521159271
30.141449553001017,-97.78439096566376
30.260268235984626,-97.64156794669154
30.198606002327427,-97.77379070660268
30.17581951829207,-97.70063472715324
30.23590708151082,-97.65923555024304
30.351845601857594,-97.71945184903853
30.205744729504655,-97.73634860927744
30.269272323147955,-97.6492372318501
30.37097847533437,-97.8160537710379
30.35390737330891,-97.79271466975128
30.23123201516605,-97.71154752057676
30.158706312567848,-97.79189169951826
30.17380590464534,-97.72400022952978
30.25306102303166,-97.84858310137955
30.286395074968702,-97.71548859706435
30.313813408637,-97.83774863413107
30.212270429025875,-97.69031580057569
30.343466374653374,-97.63181362797218
30.15514347138618,-97.71551477462
30.41469935853961,-97.7299659167931
30.262570149304278,-97.70436390931104
30.140081240231588,-97.7467750401979
30.352568358063003,-97.82050436897865
30.217108543105837,-97.71564559980102
30.240873139290375,-97.67565941919439
30.32183151896323,-97.82604114414067
30.385019125237807,-97.65423997108101
30.13182229000153,-97.76270169519485
30.279975830516413,-97.6040539039533
30.176543094983938,-97.66862324245575
30.150199193230822,-97.67067401024362
30.151018303821143,-97.68644911446827
30.23599537833981,-97.78952951216934
30.14304581612155,-97.7501468027985
30.28867422887156,-97.63832864853659
30.24631451238555,-97.63760876294106
30.204997470761057,-97.70743185871821
30.1840780185922,-97.84438865565427
30.196383598685745,-97.72158921142798
30.363597361835545,-97.81869164016035
30.309998555909438,-97.74339338755688
30.150769240157157,-97.70503396020908
30.36126441783891,-97.69249683791065
30.317425454649566,-97.7442982998357
30.407830270340522,-97.69486764052219
30.23396089027567,-97.77489394394088
30.345058153814712,-97.71767923963307
30.19623497286774,-97.63386500090539
30.227301513715446,-97.62366095362988
30.387214329023,-97.76012681526733
30.19751851438477,-97.76268987673475
30.144806704877265,-97.76061610041849
30.278668038741625,-97.81980651360283
30.31846928029218,-97.61509194265602
30.229002194659582,-97.63289765821304
30.37818610208037,-97.78635429225727
30.34539684155495,-97.66756061943127
30.33626634686805,-97.84277708871896
30.189605202397473,-97.78523886706738
30.272623184788007,-97.74785814539715
30.260729948067723,-97.64886015647853
30.35739923816954,-97.81343100817377
30.27594069465305,-97.76834903033922
30.23886959393166,-97.75049411811395
30.333639389564205,-97.87037585597176
30.32722841275998,-97.72193578551929
30.376936011370486,-97.76188975848763
30.207341464668023,-97.75859905907059
30.23916688048178,-97.77430135967057
30.201457522564315,-97.82829870113815
30.333730770520415,-97.72533816581797
30.241767447356427,-97.69737027018243
30.359361515326587,-97.71793537846087
30.23101612192772,-97.71620124970319
30.193508126432366,-97.77963253518638
30.305133747296754,-97.77887163670172
30.335811510211094,-97.65632115654515
30.369131970291363,-97.80786735446065
30.322819034970774,-97.77926810682136
30.266972401695487,-97.72899363887272
30.197536898526753,-97.76628153436936
30.212349641858673,-97.79123262584247
30.235241853028047,-97.79076740053728
30.306428419597918,-97.84126780607487
30.287374742431645,-97.80427976280794
30.408133605012274,-97.73978931163846
30.322123952210475,-97.70871083028804
30.161119519168334,-97.7367551890768
30.252132478155577,-97.6813359363092
30.304196216911944,-97.8230221701209
30.390810889852407,-97.71338519933644
30.409529047507046,-97.74400852298317
30.26854076278788,-97.7944752863918
30.344132682631834,-97.62272178766241
30.278699834880022,-97.74260118084506
30.166980839841912,-97.8197236707485
30.249854941728586,-97.67474763524979
30.375451898747855,-97.82738732116843
30.30869703534065,-97.82562792692751
30.29196532114698,-97.71264278215115
30.325906142924893,-97.69274142769875
30.404637922664314,-97.74758887603139
30.27123643309108,-97.60216261651529
30.25694421030163,-97.80840720035289
30.269794463134474,-97.87303482407712
30.18752412407356,-97.77054700909379
30.153344456711867,-97.79379027229707
30.270816489892262,-97.7342698217695
30.224889215232782,-97.83392569558403
30.21788936102377,-97.71031220359436
30.29371612571244,-97.61556825499886
30.231995832752308,-97.60229563431733
30.29728477310454,-97.797146153093
30.363260930732995,-97.74691332504777
30.365587437773897,-97.79729578981987
30.1540855964948,-97.78055083658477
30.217944740654907,-97.77901183291245
30.332714982206962,-97.61267661853894
30.292085349363422,-97.71584415195127
30.28197917748359,-97.67343664225851
30.15057563221866,-97.76011638022351
30.36296416273761,-97.65881335222267
30.179099954720638,-97.82813127548226
30.339411381217595,-97.81423304459973
30.171782726871918,-97.68733465213938
30.144664143759197,-97.7266745754702
30.320884961236576,-97.86479228293007
30.327024056122195,-97.76819651490284
30.205501546970815,-97.85627515220969
30.211129976882074,-97.7010736801596
30.359562364048404,-97.84413944776708
30.328090207273707,-97.84638181236751
30.25525400109755,-97.7768750292886
30.16734140740809,-97.66375487463266
30.339739000271976,-97.67106734996523
30.224754030515435,-97.61241044738095
30.36767485608344,-97.6480512492315
30.259984025225204,-97.87660198130975
30.36195007661484,-97.78371522072584
30.172551976726307,-97.66141001446674
30.301340200753284,-97.71068399386836
30.327225060392244,-97.84220824069405
30.37884534961626,-97.79137732065907
30.165047899637248,-97.72255876863692
30.22994072899489,-97.73986867643787
30.25718609844803,-97.80812884589254
30.20165464568408,-97.84279534556144
30.380958839998037,-97.69831606341826
30.163131178705346,-97.81830278577159
30.20645670781699,-97.80398146935009
30.336441507661952,-97.81104001215293
30.278640950516085,-97.83974158972795
30.268823354765864,-97.66747310518365
30.189741323815618,-97.82053408116506
30.203433916210574,-97.76016566808696
30.19921258119774,-97.82088280756595
30.281201142197634,-97.74246231436233
30.23288355053669,-97.65283136445471
30.1965242467424,-97.64063673073352
30.23324400482236,-97.61504627766307
30.342477048703962,-97.82054234919757
30.32288982533739,-97.78535484348802
30.3062723278658,-97.82388779591452
30.245171215168895,-97.8308493731198
30.170937270010455,-97.81191322052257
30.267553446550554,-97.79303485799063
30.2540308476219,-97.88201861276715
30.363926333326678,-97.6815173159025
30.186753540121764,-97.82731610703435
30.330104919087557,-97.83618743683495
30.347814431251713,-97.82298447004823
30.284359268634827,-97.75061616825312
30.2025718690754,-97.74251126825689
30.336604135746924,-97.69105152109466
30.258924934782915,-97.73915095196674
30.292461699296677,-97.65596662041156
30.227413887428078,-97.75077354499808
30.249939679206733,-97.87288759991846
30.25361113683378,-97.72201888814531
30.15193530193724,-97.80855670897652
30.38390433682703,-97.79560172978795
30.262019237471634,-97.77304597304739
30.23724544179351,-97.64653024540681
30.258886214751534,-97.68761807511241
30.25740873286417,-97.6566613743927
30.30245893812357,-97.61539214962775
30.266724412881526,-97.78521938270158
30.359513754234907,-97.78018823635557
30.193715979617725,-97.81442571869246
30.403014283980625,-97.80055084114584
30.202078450582853,-97.66580622177749
30.244086605138346,-97.64304214656573
30.192422034438927,-97.7970604495441
30.338804325872278,-97.6841464699845
30.26665420753842,-97.67483060358647
30.26754593666231,-97.7953402673264
30.183381179145684,-97.83816147204219
30.247641775301293,-97.71282160158802
30.23359209175735,-97.81705197788881
30.342442235535128,-97.72019679071428
30.35470849942409,-97.7132333216155
30.181006656061992,-97.80338842528425
30.25090762460406,-97.79783471306548
30.13930015626206,-97.76872513628366
30.219248775996032,-97.71964468973871
30.26019068469089,-97.78400957020797
30.39866526311434,-97.76796993810359
30.353633071470323,-97.77660314335785
30.35857789022002,-97.75889637715346
30.244065115405736,-97.83597204898898
30.173483146492256,-97.65340370490362
30.168159689426158,-97.75570247986107
30.27897027365424,-97.68549171732319
30.232553766530316,-97.73080363491938
30.228168030750197,-97.87374341347068
30.225739730941466,-97.67839921826854
30.39010285591497,-97.8110180576884
30.16130339921537,-97.691802554415
30.249150049609085,-97.68707795777787
30.289961649130866,-97.75206002321057
30.20495060213672,-97.81445234641838
30.295103915690966,-97.61974510186435
30.398961188590935,-97.6672015426299
30.390573875428075,-97.74963468101973
30.26136204981942,-97.71972202602672
30.201901459840347,-97.6966194694113
30.3205389441975,-97.77613103597169
30.17421374471562,-97.7164744746291
30.345606268707403,-97.62019199469336
30.205798505163383,-97.74583038961396
30.264455927977757,-97.8398771488435
30.19419027462961,-97.85473332470659
30.175944721529344,-97.780755158977
30.159284647298076,-97.71513324421551
30.223083754245092,-97.73301506320284
30.412659897905463,-97.77772876068875
30.305425964030334,-97.69560858086055
30.300243524565072,-97.8472106046579
30.237290843856837,-97.71757633833407
30.232685886635117,-97.6553947083836
30.311226114582375,-97.62787554100413
30.24589828667524,-97.6888439218866
30.2506851966502,-97.6412075675675
30.294075154624814,-97.82101903555593
30.266420306505665,-97.61617481255054
30.23131911625481,-97.87324686952061
30.16172562535417,-97.81271394835828
30.20939533379454,-97.8484545559312
30.360214335776835,-97.72941985501733
30.351041039922166,-97.71128831242113
30.316767023327564,-97.80731397293458
30.186849006223905,-97.64134434717835
30.269680039693796,-97.69017479380321
30.213556529277103,-97.63519742044988
30.37075024017141,-97.65757054631193
30.280100831169893,-97.87672433072223
30.345197729536626,-97.64508421719839
30.256488132950242,-97.60808884324129
30.245161591974053,-97.88220671173528
30.2081662366326,-97.78613334405054
30.259931227854967,-97.65861421764525
30.276563335710488,-97.65189064358636
30.17558824619206,-97.73367039808922
30.311243052699528,-97.68852351811677
30.284272647077998,-97.60411804501528
30.30032817663776,-97.78121277640142
30.36407772918663,-97.8145567338804
30.277647401048412,-97.75818825300144
30.366246715079747,-97.67754170263368
30.22288255349806,-97.79539343896435
30.283313901914706,-97.65081794010584
30.14840123099613,-97.70825007532576
30.27179372280303,-97.61682888107357
30.37465124924605,-97.79449197358828
30.24724887852804,-97.71137197897012
30.213096182264188,-97.69299503644463
30.23886533900133,-97.857966415173
30.307737958807998,-97.87039905742152
30.2419319982407,-97.74790612712727
30.248792008334682,-97.79373268655404
30.179533638580992,-97.83893377865645
30.257970751834357,-97.8588228627799
